{"cameraMode":{"drawMode":0,"name":"Shaded","section":"Shading Mode"},"sceneLighting":true,"audioPlay":false,"sceneViewState":{"m_AlwaysRefresh":false,"showFog":true,"showSkybox":true,"showFlares":true,"showImageEffects":true,"showParticleSystems":true,"showVisualEffectGraphs":true,"m_FxEnabled":true},"in2DMode":false,"pivot":{"x":-12.229023933410645,"y":-79.04495239257813,"z":143.088623046875},"rotation":{"x":0.255473256111145,"y":-0.004595471546053886,"z":0.0011610089568421245,"w":0.9669241905212402},"size":136.85733032226563,"orthographic":false}