{"cameraMode":{"drawMode":0,"name":"Shaded","section":"Shading Mode"},"sceneLighting":true,"audioPlay":false,"sceneViewState":{"m_AlwaysRefresh":false,"showFog":true,"showSkybox":true,"showFlares":true,"showImageEffects":true,"showParticleSystems":true,"showVisualEffectGraphs":true,"m_FxEnabled":true},"in2DMode":false,"pivot":{"x":-1.1026593446731568,"y":-906.1870727539063,"z":-915.2310791015625},"rotation":{"x":-0.0001139743544626981,"y":0.923827052116394,"z":-0.3833218812942505,"w":-0.0009681241353973746},"size":648.9410400390625,"orthographic":false}