{"cameraMode":{"drawMode":0,"name":"Shaded","section":"Shading Mode"},"sceneLighting":true,"audioPlay":false,"sceneViewState":{"m_AlwaysRefresh":false,"showFog":true,"showSkybox":true,"showFlares":true,"showImageEffects":true,"showParticleSystems":true,"showVisualEffectGraphs":true,"m_FxEnabled":true},"in2DMode":false,"pivot":{"x":-16.09479522705078,"y":-101.45994567871094,"z":-167.74447631835938},"rotation":{"x":0.016370056197047235,"y":-0.9589417576789856,"z":0.2781417965888977,"w":0.05616895854473114},"size":104.91727447509766,"orthographic":false}